{
	"class_name" : "PinholeCameraParameters",
	"extrinsic" : 
	[
		0.80738102025724656,
		0.51025052594749132,
		-0.2962773850611557,
		0.0,
		-0.017733806955626152,
		-0.48092702123672892,
		-0.87658126396542813,
		0.0,
		-0.58976385123134523,
		0.71298920119078635,
		-0.37924266474922913,
		0.0,
		0.017733806955646969,
		0.48092702123670961,
		685.90267565745648,
		1.0
	],
	"intrinsic" : 
	{
		"height" : 768,
		"intrinsic_matrix" : 
		[
			665.1075101064489,
			0.0,
			0.0,
			0.0,
			665.1075101064489,
			0.0,
			511.5,
			383.5,
			1.0
		],
		"width" : 1024
	},
	"version_major" : 1,
	"version_minor" : 0
}